,Name,Teams,Season,POS,GP,CMP,ATT,CMP%,YDS,AVG,YDS/G,LNG,TD,INT,SACK,SYL,QBR,RTG
0,Tua Tagovailoa,MIA,2023,QB,17,388,560,69.3,4624,8.3,272.0,78,29,14,29,171,60.8,101.1
1,Jared Goff,DET,2023,QB,17,407,605,67.3,4575,7.6,269.1,70,30,12,30,197,60.3,97.9
2,Dak Prescott,DAL,2023,QB,17,410,590,69.5,4516,7.7,265.6,92,36,9,39,255,72.7,105.9
3,Josh Allen,BUF,2023,QB,17,385,579,66.5,4306,7.4,253.3,81,29,18,24,152,69.6,92.2
4,Brock Purdy,SF,2023,QB,16,308,444,69.4,4280,9.6,267.5,76,31,11,28,153,72.8,113.0
5,Patrick Mahomes,KC,2023,QB,16,401,597,67.2,4183,7.0,261.4,67,27,14,27,186,63.1,92.6
6,Jordan Love,GB,2023,QB,17,372,579,64.2,4159,7.2,244.6,77,32,11,30,242,62.1,96.1
7,C.J. Stroud,HOU,2023,QB,15,319,499,63.9,4108,8.2,273.9,75,23,5,38,331,57.5,100.8
8,Baker Mayfield,TB,2023,QB,17,364,566,64.3,4044,7.1,237.9,75,28,10,40,232,54.3,94.6
9,Trevor Lawrence,JAX,2023,QB,16,370,564,65.6,4016,7.1,251.0,65,21,14,35,224,56.1,88.5
10,Matthew Stafford,LAR,2023,QB,15,326,521,62.6,3965,7.6,264.3,80,24,11,30,205,63.5,92.5
11,Sam Howell,WSH,2023,QB,17,388,612,63.4,3946,6.4,232.1,51,21,21,65,449,42.4,78.9
12,Derek Carr,NO,2023,QB,17,375,548,68.4,3878,7.1,228.1,58,25,8,31,218,56.5,97.7
13,Jalen Hurts,PHI,2023,QB,17,352,538,65.4,3858,7.2,226.9,63,23,15,36,222,60.1,89.1
14,Lamar Jackson,BAL,2023,QB,16,307,457,67.2,3678,8.0,229.9,80,24,7,37,218,64.7,102.7
15,Geno Smith,SEA,2023,QB,15,323,499,64.7,3624,7.3,241.6,73,20,9,31,231,59.5,92.1
16,Gardner Minshew,IND,2023,QB,17,305,490,62.2,3305,6.7,194.4,75,15,9,34,187,59.6,84.6
17,Justin Herbert,LAC,2023,QB,13,297,456,65.1,3134,6.9,241.1,60,20,7,29,233,64.1,93.2
18,Russell Wilson,DEN,2023,QB,15,297,447,66.4,3070,6.9,204.7,60,26,8,45,258,50.7,98.0
19,Bryce Young,CAR,2023,QB,16,315,527,59.8,2877,5.5,179.8,48,11,10,62,477,33.4,73.7
20,Desmond Ridder,ATL,2023,QB,15,249,388,64.2,2836,7.3,189.1,71,12,12,31,197,40.1,83.4
21,Justin Fields,CHI,2023,QB,13,227,370,61.4,2562,6.9,197.1,58,16,9,44,285,46.1,86.3
22,Joshua DobbsARI,ARI / MIN,2023,QB,13,262,417,62.8,2464,5.9,189.5,69,13,10,30,217,51.8,79.5
23,Kirk Cousins,MIN,2023,QB,8,216,311,69.5,2331,7.5,291.4,62,18,5,17,110,63.2,103.8
24,Joe Burrow,CIN,2023,QB,10,244,365,66.8,2309,6.3,230.9,64,15,6,24,180,51.6,91.0
25,Zach Wilson,NYJ,2023,QB,12,221,368,60.1,2271,6.2,189.3,68,8,7,46,340,30.6,77.2
26,Aidan O'Connell,LV,2023,QB,11,213,343,62.1,2218,6.5,201.6,50,12,7,24,173,40.5,83.9
27,Mac Jones,NE,2023,QB,11,224,345,64.9,2120,6.1,192.7,58,10,12,22,127,36.7,77.0
28,Kenny Pickett,PIT,2023,QB,12,201,324,62.0,2070,6.4,172.5,72,6,4,23,173,38.1,81.4
29,Jake Browning,CIN,2023,QB,9,171,243,70.4,1936,8.0,215.1,80,12,7,24,169,60.1,98.4
30,Will Levis,TEN,2023,QB,9,149,255,58.4,1808,7.1,200.9,61,8,4,28,185,33.2,84.2
31,Kyler Murray,ARI,2023,QB,8,176,268,65.7,1799,6.7,224.9,48,10,5,18,119,47.2,89.4
32,Joe Flacco,CLE,2023,QB,5,123,204,60.3,1616,7.9,323.2,75,13,8,8,57,48.3,90.2
33,Ryan Tannehill,TEN,2023,QB,10,149,230,64.8,1616,7.0,161.6,70,4,7,32,230,35.1,78.5
34,Tyrod Taylor,NYG,2023,QB,11,116,180,64.4,1341,7.4,121.9,80,5,3,17,94,47.7,89.1
35,Nick Mullens,MIN,2023,QB,5,100,148,67.6,1306,8.8,261.2,47,7,8,12,105,49.8,88.4
36,Bailey Zappe,NE,2023,QB,10,127,212,59.9,1272,6.0,127.2,48,6,9,25,191,23.3,68.8
37,Jimmy Garoppolo,LV,2023,QB,7,110,169,65.1,1205,7.1,172.1,32,7,9,14,101,33.9,77.7
38,Easton Stick,LAC,2023,QB,5,111,174,63.8,1129,6.5,225.8,79,3,1,14,122,51.0,85.6
39,Deshaun Watson,CLE,2023,QB,6,105,171,61.4,1115,6.5,185.8,59,7,4,17,85,42.9,84.3
40,Tommy DeVito,NYG,2023,QB,9,114,178,64.0,1101,6.2,122.3,41,8,3,37,196,23.7,89.2
41,Daniel Jones,NYG,2023,QB,6,108,160,67.5,909,5.7,151.5,58,2,6,30,167,36.3,70.5
42,Taylor Heinicke,ATL,2023,QB,5,74,136,54.4,890,6.5,178.0,75,5,4,8,47,47.7,74.7
43,Tyson Bagent,CHI,2023,QB,5,94,143,65.7,859,6.0,171.8,41,3,6,5,35,51.8,71.4
44,Trevor Siemian,NYJ,2023,QB,5,86,153,56.2,724,4.7,144.8,30,2,4,8,40,14.4,62.1
45,Mason Rudolph,PIT,2023,QB,4,55,74,74.3,719,9.7,179.8,86,3,0,6,43,70.6,118.0
46,PJ Walker,CLE,2023,QB,6,54,111,48.6,674,6.1,112.3,58,1,5,11,90,18.6,52.2
47,Mitchell Trubisky,PIT,2023,QB,5,67,107,62.6,632,5.9,126.4,26,4,5,7,42,34.6,71.9
48,Anthony Richardson,IND,2023,QB,4,50,84,59.5,577,6.9,144.3,39,3,1,7,29,45.0,87.3
49,Drew Lock,SEA,2023,QB,4,48,76,63.2,543,7.1,135.8,51,3,3,6,26,44.1,81.2
50,Jarrett Stidham,DEN,2023,QB,3,40,66,60.6,496,7.5,165.3,54,2,1,7,46,31.1,87.7
51,Dorian Thompson-Robinson,CLE,2023,QB,8,60,112,53.6,440,3.9,55.0,23,1,4,6,60,34.4,51.2
52,Andy Dalton,CAR,2023,QB,3,34,58,58.6,361,6.2,120.3,47,2,0,3,27,48.4,88.4
53,Tim Boyle,NYJ,2023,QB,3,48,77,62.3,360,4.7,120.0,36,1,4,9,64,10.9,56.2
54,C.J. Beathard,JAX,2023,QB,7,40,53,75.5,349,6.6,49.9,48,1,0,6,27,55.2,98.7
55,Sam Darnold,SF,2023,QB,10,28,46,60.9,297,6.5,29.7,48,2,1,6,40,49.3,85.1
56,Case Keenum,HOU,2023,QB,2,34,53,64.2,291,5.5,145.5,41,1,3,6,60,21.2,61.1
57,Jameis Winston,NO,2023,QB,7,25,47,53.2,264,5.6,37.7,30,2,3,2,13,35.6,57.4
58,Brian Hoyer,LV,2023,QB,3,23,42,54.8,231,5.5,77.0,48,0,2,1,8,69.0,50.8
59,Jacoby Brissett,WSH,2023,QB,3,18,23,78.3,224,9.7,74.7,48,3,0,0,0,95.6,146.8
60,Tyler Huntley,BAL,2023,QB,5,21,37,56.8,203,5.5,40.6,27,3,0,4,28,56.7,99.3
61,Blaine Gabbert,KC,2023,QB,2,18,35,51.4,185,5.3,92.5,37,0,3,1,9,47.1,31.3
62,Davis Mills,HOU,2023,QB,6,18,39,46.2,173,4.4,28.8,19,2,0,2,13,48.7,76.1
63,Brett Rypien,LAR,2023,QB,2,18,38,47.4,172,4.5,86.0,34,0,1,2,18,19.9,49.5
64,Jaren Hall,MIN,2023,QB,3,13,20,65.0,168,8.4,56.0,47,0,1,4,28,5.1,70.4
65,Jeff Driskel,CLE,2023,QB,1,13,26,50.0,166,6.4,166.0,31,2,2,3,26,4.1,63.9
66,Marcus Mariota,PHI,2023,QB,3,15,23,65.2,164,7.1,54.7,22,1,1,3,11,59.9,82.5
67,Carson Wentz,LAR,2023,QB,2,17,24,70.8,163,6.8,81.5,29,2,1,2,14,89.9,99.8
68,Cooper Rush,DAL,2023,QB,7,18,24,75.0,144,6.0,20.6,29,0,1,1,8,52.1,72.2
69,Taysom Hill,NO,2023,QB,16,6,11,54.5,83,7.5,5.2,44,1,0,2,4,50.0,109.3
70,Mike White,MIA,2023,QB,6,5,6,83.3,74,12.3,12.3,68,1,1,0,0,0.1,118.1
71,Malik Willis,TEN,2023,QB,3,4,5,80.0,74,14.8,24.7,48,0,0,4,30,3.0,118.8
72,Clayton Tune,ARI,2023,QB,7,12,21,57.1,62,3.0,8.9,14,0,2,7,41,1.2,22.6
73,Keenan Allen,LAC,2023,WR,13,1,2,50.0,49,24.5,3.8,49,1,0,0,0,98.8,135.4
74,Sean Clifford,GB,2023,QB,2,1,1,100.0,37,37.0,18.5,37,0,0,0,0,100.0,118.8
75,Jalen Reeves-Maybin,DET,2023,LB,17,1,1,100.0,31,31.0,1.8,31,0,0,0,0,,118.8
76,Braden Mann,PHI,2023,P,15,1,1,100.0,28,28.0,1.9,28,0,0,0,0,,118.8
77,Logan Woodside,ATL,2023,QB,1,3,4,75.0,27,6.8,27.0,12,0,1,1,7,4.4,53.1
78,Drake London,ATL,2023,WR,16,1,1,100.0,22,22.0,1.4,22,0,0,0,0,99.9,118.8
79,AJ McCarron,CIN,2023,QB,2,4,5,80.0,19,3.8,9.5,10,0,0,1,9,1.6,82.5
80,Thomas Morstead,NYJ,2023,P,17,1,1,100.0,18,18.0,1.1,18,0,0,0,0,,118.8
81,Kenneth Gainwell,PHI,2023,RB,16,1,1,100.0,17,17.0,1.1,17,0,0,0,0,98.9,118.8
82,Derrick Henry,TEN,2023,RB,17,2,3,66.7,14,4.7,0.8,12,2,0,0,0,94.5,116.7
83,Dontayvion Wicks,GB,2023,WR,15,1,1,100.0,14,14.0,0.9,14,0,0,0,0,94.3,118.8
84,Logan Cooke,JAX,2023,P,17,1,1,100.0,13,13.0,0.8,13,0,0,0,0,,118.8
85,Jakobi Meyers,LV,2023,WR,16,2,3,66.7,12,4.0,0.8,9,1,0,0,0,39.0,113.9
86,Tommy Townsend,KC,2023,P,17,1,1,100.0,11,11.0,0.6,11,0,0,0,0,,112.5
87,Johnny Hekker,CAR,2023,P,17,1,1,100.0,7,7.0,0.4,7,0,0,0,0,,95.8
88,Devin Singletary,HOU,2023,RB,17,1,1,100.0,6,6.0,0.4,6,1,0,0,0,100.0,131.3
89,Jerick McKinnon,KC,2023,RB,12,1,1,100.0,4,4.0,0.3,4,1,0,0,0,89.8,122.9
90,Dyami Brown,WSH,2023,WR,17,1,1,100.0,4,4.0,0.2,4,0,0,0,0,2.2,83.3
91,Aaron Rodgers,NYJ,2023,QB,1,0,1,0.0,0,0.0,0.0,0,0,0,1,10,2.5,39.6
92,DeAndre Hopkins,TEN,2023,WR,17,0,1,0.0,0,0.0,0.0,0,0,0,0,0,17.2,39.6
93,Nathan Peterman,CHI,2023,QB,2,0,0,0.0,0,0.0,0.0,0,0,0,1,5,2.1,39.6
94,Tyler Boyd,CIN,2023,WR,17,0,1,0.0,0,0.0,0.0,0,0,1,0,0,0.0,0.0
95,Tanner Hudson,CIN,2023,TE,12,0,0,0.0,0,0.0,0.0,0,0,0,1,4,0.0,39.6
96,Jonnu Smith,ATL,2023,TE,17,0,1,0.0,0,0.0,0.0,0,0,0,0,0,0.7,39.6
97,Chris Godwin,TB,2023,WR,17,0,1,0.0,0,0.0,0.0,0,0,0,0,0,0.8,39.6
98,Parris Campbell,NYG,2023,WR,12,0,0,0.0,0,0.0,0.0,0,0,0,1,8,0.0,39.6
99,Deebo Samuel Sr.,SF,2023,WR,15,0,1,0.0,0,0.0,0.0,0,0,0,0,0,4.8,39.6
100,Kyle Trask,TB,2023,QB,2,0,1,0.0,0,0.0,0.0,0,0,0,0,0,1.2,39.6
101,Cedrick Wilson Jr.,MIA,2023,WR,15,0,0,0.0,0,0.0,0.0,0,0,0,1,7,0.1,39.6
102,Josh Jacobs,LV,2023,RB,13,0,0,0.0,0,0.0,0.0,0,0,0,1,4,0.2,39.6
103,Cam AkersLAR,LAR / MIN,2023,RB,7,0,0,0.0,0,0.0,0.0,0,0,0,1,7,1.0,39.6
104,Malik CunninghamBAL,BAL / NE,2023,QB,2,0,0,0.0,0,0.0,0.0,0,0,0,1,5,0.2,39.6
105,Kadarius Toney,KC,2023,WR,13,0,1,0.0,0,0.0,0.0,0,0,0,0,0,0.3,39.6
106,DeeJay Dallas,SEA,2023,RB,17,0,0,0.0,0,0.0,0.0,0,0,0,1,0,12.4,39.6
107,Connor Heyward,PIT,2023,TE,17,0,1,0.0,0,0.0,0.0,0,0,0,0,0,7.1,39.6
108,Justin Jefferson,MIN,2023,WR,10,0,1,0.0,0,0.0,0.0,0,0,0,0,0,14.2,39.6
109,Tank Dell,HOU,2023,WR,11,0,0,0.0,0,0.0,0.0,0,0,0,1,1,1.1,39.6
110,Amon-Ra St. Brown,DET,2023,WR,16,0,0,0.0,0,0.0,0.0,0,0,0,1,8,0.0,39.6
111,De'Von Achane,MIA,2023,RB,11,0,0,0.0,0,0.0,0.0,0,0,0,1,6,0.1,39.6
112,Garrett Wilson,NYJ,2023,WR,17,0,1,0.0,0,0.0,0.0,0,0,0,0,0,3.2,39.6
113,Christian Kirk,JAX,2023,WR,12,1,2,50.0,-1,-0.5,-0.1,0,0,0,0,0,3.1,56.3
114,Ja'Marr Chase,CIN,2023,WR,16,1,1,100.0,-7,-7.0,-0.4,-7,0,0,0,0,1.8,79.2
115,Patrick Mahomes,KC,2022,QB,17,435,648,67.1,5250,8.1,308.8,67,41,12,26,188,79.0,105.2
116,Justin Herbert,LAC,2022,QB,17,477,699,68.2,4739,6.8,278.8,55,25,10,38,206,60.2,93.2
117,Tom Brady,TB,2022,QB,17,490,733,66.8,4694,6.4,276.1,63,25,9,22,160,54.6,90.7
118,Kirk Cousins,MIN,2022,QB,17,424,643,65.9,4547,7.1,267.5,66,29,14,46,329,52.3,92.5
119,Joe Burrow,CIN,2022,QB,16,414,606,68.3,4475,7.4,279.7,60,35,12,41,259,60.8,100.8
120,Jared Goff,DET,2022,QB,17,382,587,65.1,4438,7.6,261.1,81,29,7,23,156,63.3,99.3
121,Josh Allen,BUF,2022,QB,16,359,567,63.3,4283,7.6,267.7,98,35,14,33,162,73.4,96.6
122,Geno Smith,SEA,2022,QB,17,399,572,69.8,4282,7.5,251.9,54,30,11,46,348,62.8,100.9
123,Trevor Lawrence,JAX,2022,QB,17,387,584,66.3,4113,7.0,241.9,59,25,8,27,184,56.1,95.2
124,Jalen Hurts,PHI,2022,QB,15,306,460,66.5,3701,8.0,246.7,68,22,6,38,231,68.3,101.5
125,Aaron Rodgers,GB,2022,QB,17,350,542,64.6,3695,6.8,217.4,58,26,12,32,258,41.3,91.1
126,Tua Tagovailoa,MIA,2022,QB,13,259,400,64.8,3548,8.9,272.9,84,25,8,21,163,70.6,105.5
127,Russell Wilson,DEN,2022,QB,15,292,483,60.5,3524,7.3,234.9,67,16,11,55,368,38.7,84.4
128,Derek Carr,LV,2022,QB,15,305,502,60.8,3522,7.0,234.8,60,24,14,27,191,57.6,86.3
129,Daniel Jones,NYG,2022,QB,16,317,472,67.2,3205,6.8,200.3,65,15,5,44,243,62.9,92.5
130,Davis Mills,HOU,2022,QB,15,292,479,61.0,3118,6.5,207.9,58,17,15,31,244,35.0,78.8
131,Matt Ryan,IND,2022,QB,12,309,461,67.0,3057,6.6,254.8,45,14,13,38,287,44.9,83.9
132,Mac Jones,NE,2022,QB,14,288,442,65.2,2997,6.8,214.1,48,14,11,34,231,38.4,84.8
133,Andy Dalton,NO,2022,QB,14,252,378,66.7,2871,7.6,205.1,64,18,9,25,189,53.1,95.2
134,Dak Prescott,DAL,2022,QB,12,261,394,66.2,2860,7.3,238.3,68,23,15,20,126,59.9,91.1
135,Jacoby Brissett,CLE,2022,QB,16,236,369,64.0,2608,7.1,163.0,55,12,6,24,160,62.0,88.9
136,Ryan Tannehill,TEN,2022,QB,12,212,325,65.2,2536,7.8,211.3,69,13,6,33,238,51.2,94.6
137,Jimmy Garoppolo,SF,2022,QB,11,207,308,67.2,2437,7.9,221.5,57,16,4,18,100,56.3,103.0
138,Kenny Pickett,PIT,2022,QB,13,245,389,63.0,2404,6.2,184.9,57,7,9,27,182,53.6,76.7
139,Kyler Murray,ARI,2022,QB,11,259,390,66.4,2368,6.1,215.3,38,14,7,25,192,53.6,87.2
140,Lamar Jackson,BAL,2022,QB,12,203,326,62.3,2242,6.9,186.8,75,17,7,26,114,61.1,91.1
141,Justin Fields,CHI,2022,QB,15,192,318,60.4,2242,7.1,149.5,56,17,11,55,359,56.3,85.2
142,Marcus Mariota,ATL,2022,QB,13,184,300,61.3,2219,7.4,170.7,75,15,9,28,195,57.7,88.2
143,Baker MayfieldLAR,LAR / CAR,2022,QB,12,201,335,60.0,2163,6.5,180.3,75,10,8,36,217,26.3,79.0
144,Matthew Stafford,LAR,2022,QB,9,206,303,68.0,2087,6.9,231.9,75,10,8,29,208,52.3,87.4
145,Taylor Heinicke,WSH,2022,QB,9,161,259,62.2,1859,7.2,206.6,61,12,6,19,141,46.5,89.6
146,Carson Wentz,WSH,2022,QB,8,172,276,62.3,1755,6.4,219.4,75,11,9,26,159,34.4,80.2
147,Zach Wilson,NYJ,2022,QB,9,132,242,54.5,1688,7.0,187.6,79,6,7,23,175,38.5,72.8
148,Brock Purdy,SF,2022,QB,9,114,170,67.1,1374,8.1,152.7,54,13,4,11,84,67.5,107.3
149,Mitchell Trubisky,PIT,2022,QB,7,117,180,65.0,1252,7.0,178.9,45,4,5,11,68,58.5,81.1
150,Mike White,NYJ,2022,QB,4,103,175,58.9,1192,6.8,298.0,60,3,4,9,76,38.9,75.7
151,Sam Darnold,CAR,2022,QB,6,82,140,58.6,1143,8.2,190.5,52,7,3,10,78,51.4,92.6
152,Deshaun Watson,CLE,2022,QB,6,99,170,58.2,1102,6.5,183.7,46,7,5,20,106,40.4,79.1
153,Joe Flacco,NYJ,2022,QB,5,110,191,57.6,1051,5.5,210.2,66,5,3,10,66,36.1,75.2
154,Cooper Rush,DAL,2022,QB,9,94,162,58.0,1051,6.5,116.8,46,5,3,7,49,60.8,80.0
155,Jameis Winston,NO,2022,QB,3,73,115,63.5,858,7.5,286.0,51,4,5,11,74,34.7,79.5
156,Bailey Zappe,NE,2022,QB,4,65,92,70.7,781,8.5,195.3,53,5,3,6,40,36.4,100.9
157,Colt McCoy,ARI,2022,QB,4,90,132,68.2,780,5.9,195.0,47,1,3,13,97,39.3,76.6
158,PJ Walker,CAR,2022,QB,6,63,106,59.4,731,6.9,121.8,62,3,3,7,46,25.1,78.0
159,Desmond Ridder,ATL,2022,QB,4,73,115,63.5,708,6.2,177.0,40,2,0,9,33,52.0,86.4
160,Teddy Bridgewater,MIA,2022,QB,5,49,79,62.0,683,8.6,136.6,64,4,4,7,45,49.5,85.6
161,Gardner Minshew,PHI,2022,QB,5,44,76,57.9,663,8.7,132.6,78,3,3,6,28,41.6,83.4
162,Tyler Huntley,BAL,2022,QB,6,75,112,67.0,658,5.9,109.7,40,2,3,7,34,43.0,77.2
163,Jarrett Stidham,LV,2022,QB,5,53,83,63.9,656,7.9,131.2,60,4,3,7,47,59.7,89.2
164,Sam Ehlinger,IND,2022,QB,4,64,101,63.4,573,5.7,143.3,47,3,3,14,87,33.8,76.1
165,Skylar Thompson,MIA,2022,QB,7,60,105,57.1,534,5.1,76.3,32,1,3,6,40,28.7,62.2
166,Brett Rypien,DEN,2022,QB,4,53,88,60.2,483,5.5,120.8,45,2,4,8,47,25.8,63.8
167,Kyle Allen,HOU,2022,QB,2,46,78,59.0,416,5.3,208.0,39,2,4,5,41,3.7,60.6
168,Trace McSorley,ARI,2022,QB,6,45,83,54.2,412,5.0,68.7,47,0,5,3,27,10.6,42.8
169,Joshua Dobbs,TEN,2022,QB,2,40,68,58.8,411,6.0,205.5,39,2,2,6,26,52.8,73.8
170,David Blough,ARI,2022,QB,2,38,58,65.5,402,6.9,201.0,77,2,2,5,24,29.8,82.7
171,John Wolford,LAR,2022,QB,3,38,62,61.3,390,6.3,130.0,30,1,3,7,49,24.2,64.6
172,Anthony Brown Jr.,BAL,2022,QB,2,22,49,44.9,302,6.2,151.0,47,0,2,5,14,9.0,48.2
173,Malik Willis,TEN,2022,QB,8,31,61,50.8,276,4.5,34.5,48,0,3,10,49,13.3,42.8
174,Taysom Hill,NO,2022,QB,16,13,19,68.4,240,12.6,15.0,68,2,0,2,14,79.7,146.3
175,Nick Foles,IND,2022,QB,3,25,42,59.5,224,5.3,74.7,49,0,4,8,48,8.0,34.3
176,Nick Mullens,MIN,2022,QB,4,21,25,84.0,224,9.0,56.0,37,1,1,0,0,58.3,100.7
177,Jordan Love,GB,2022,QB,4,14,21,66.7,195,9.3,48.8,63,1,0,0,0,83.2,112.2
178,Trey Lance,SF,2022,QB,2,15,31,48.4,194,6.3,97.0,44,0,1,2,9,36.9,55.0
179,Trevor Siemian,CHI,2022,QB,2,15,26,57.7,184,7.1,92.0,33,1,1,2,14,27.9,76.4
180,Sam Howell,WSH,2022,QB,1,11,19,57.9,169,8.9,169.0,52,1,1,3,11,48.3,83.0
181,Davis Webb,NYG,2022,QB,1,23,40,57.5,168,4.2,168.0,25,1,0,0,0,76.9,75.8
182,Bryce Perkins,LAR,2022,QB,5,19,34,55.9,161,4.7,32.2,20,1,2,6,50,28.7,53.7
183,Nathan Peterman,CHI,2022,QB,3,14,25,56.0,139,5.6,46.3,28,1,1,1,6,41.9,68.6
184,Jeff Driskel,HOU,2022,QB,7,14,20,70.0,108,5.4,15.4,28,1,0,2,13,20.9,99.6
185,Chris Streveler,NYJ,2022,QB,2,10,15,66.7,90,6.0,45.0,30,0,0,0,0,73.9,82.6
186,Jacob Eason,CAR,2022,QB,1,3,5,60.0,59,11.8,59.0,49,0,1,0,0,0.9,61.7
187,Tyrod Taylor,NYG,2022,QB,3,6,8,75.0,58,7.3,19.3,19,1,1,3,18,11.6,94.8
188,Chase Daniel,LAC,2022,QB,4,8,12,66.7,52,4.3,13.0,13,1,0,1,1,59.9,103.5
189,Brian Hoyer,NE,2022,QB,1,5,6,83.3,37,6.2,37.0,27,0,0,1,8,28.4,92.4
190,C.J. Beathard,JAX,2022,QB,4,7,11,63.6,35,3.2,8.8,11,0,1,1,5,22.9,30.5
191,Christian McCaffreySF,SF / CAR,2022,RB,17,1,1,100.0,34,34.0,2.0,34,1,0,0,0,100.0,158.3
192,Justin Jefferson,MIN,2022,WR,17,2,2,100.0,34,17.0,2.0,23,0,0,0,0,95.2,118.8
193,Tim Boyle,CHI,2022,QB,1,2,8,25.0,33,4.1,33.0,17,0,2,0,0,1.2,4.7
194,Blaine Gabbert,TB,2022,QB,1,6,8,75.0,29,3.6,29.0,13,1,0,0,0,59.9,119.3
195,Tyler Boyd,CIN,2022,WR,16,1,1,100.0,23,23.0,1.4,23,0,0,1,12,14.3,118.8
196,Kyle Trask,TB,2022,QB,1,3,9,33.3,23,2.6,23.0,9,0,0,0,0,1.7,42.4
197,Brandon Allen,CIN,2022,QB,1,3,3,100.0,22,7.3,22.0,13,0,0,1,0,46.5,97.2
198,Riley Dixon,LAR,2022,P,17,2,2,100.0,18,9.0,1.1,12,0,0,0,0,,104.2
199,Braden Mann,NYJ,2022,P,17,1,2,50.0,17,8.5,1.0,17,0,0,0,0,0.0,79.2
200,Ryan Wright,MIN,2022,P,17,1,2,50.0,13,6.5,0.8,13,0,0,0,0,,70.8
201,Josh Johnson,SF,2022,QB,2,1,2,50.0,10,5.0,5.0,10,0,0,0,0,21.9,64.6
202,Case Keenum,BUF,2022,QB,2,2,7,28.6,8,1.1,4.0,5,0,0,0,0,4.7,39.6
203,Jack Fox,DET,2022,P,17,1,1,100.0,6,6.0,0.4,6,0,0,0,0,,91.7
204,Andy Lee,ARI,2022,P,17,1,1,100.0,4,4.0,0.2,4,0,0,0,0,,83.3
205,Mack Hollins,LV,2022,WR,17,1,1,100.0,4,4.0,0.2,4,0,0,0,0,23.6,83.3
206,Derrick Henry,TEN,2022,RB,16,2,2,100.0,4,2.0,0.3,3,1,0,0,0,45.2,118.8
207,Najee Harris,PIT,2022,RB,17,1,1,100.0,4,4.0,0.2,4,0,0,0,0,10.8,83.3
208,Braxton Berrios,NYJ,2022,WR,17,1,1,100.0,2,2.0,0.1,2,1,0,0,0,99.6,118.8
209,Chase ClaypoolPIT,PIT / CHI,2022,WR,15,1,1,100.0,1,1.0,0.1,1,1,0,0,0,100.0,118.8
210,Chad Henne,KC,2022,QB,3,0,2,0.0,0,0.0,0.0,0,0,0,0,0,3.8,39.6
211,Rex Burkhead,HOU,2022,RB,16,0,1,0.0,0,0.0,0.0,0,0,0,0,0,3.2,39.6
212,Davante Adams,LV,2022,WR,17,0,0,0.0,0,0.0,0.0,0,0,0,1,10,0.0,39.6
213,Phillip Dorsett,HOU,2022,WR,15,0,1,0.0,0,0.0,0.0,0,0,0,0,0,2.7,39.6
214,Amari Cooper,CLE,2022,WR,17,0,1,0.0,0,0.0,0.0,0,0,1,0,0,0.0,0.0
215,Cooper Kupp,LAR,2022,WR,9,0,1,0.0,0,0.0,0.0,0,0,0,0,0,3.3,39.6
216,Nate Sudfeld,DET,2022,QB,2,0,0,0.0,0,0.0,0.0,0,0,0,1,7,0.7,39.6
217,Leonard Fournette,TB,2022,RB,16,0,1,0.0,0,0.0,0.0,0,0,1,0,0,0.0,0.0
218,Dalvin Cook,MIN,2022,RB,17,0,0,0.0,0,0.0,0.0,0,0,0,1,5,0.0,39.6
219,Christian Kirk,JAX,2022,WR,17,0,1,0.0,0,0.0,0.0,0,0,0,0,0,10.7,39.6
220,Tommy Townsend,KC,2022,P,17,0,1,0.0,0,0.0,0.0,0,0,0,0,0,,39.6
221,James Proche II,BAL,2022,WR,15,0,1,0.0,0,0.0,0.0,0,0,1,0,0,0.0,0.0
222,Lawrence CagerNYG,NYG / NYJ,2022,TE,7,0,0,0.0,0,0.0,0.0,0,0,0,1,2,1.8,39.6
223,Jamie Gillan,NYG,2022,P,17,0,0,0.0,0,0.0,0.0,0,0,0,1,11,,39.6
224,Cedrick Wilson Jr.,MIA,2022,WR,15,0,0,0.0,0,0.0,0.0,0,0,0,1,6,0.2,39.6
225,DeeJay Dallas,SEA,2022,RB,15,0,1,0.0,0,0.0,0.0,0,0,1,0,0,0.0,0.0
226,Ja'Marr Chase,CIN,2022,WR,12,0,0,0.0,0,0.0,0.0,0,0,0,1,9,0.0,39.6
227,Garrett Wilson,NYJ,2022,WR,17,0,1,0.0,0,0.0,0.0,0,0,0,0,0,0.8,39.6
228,Tom Brady,TB,2021,QB,17,485,719,67.5,5316,7.4,312.7,62,43,12,22,144,73.1,102.1
229,Justin Herbert,LAC,2021,QB,17,443,672,65.9,5014,7.5,294.9,72,38,15,31,214,70.9,97.7
230,Matthew Stafford,LAR,2021,QB,17,404,601,67.2,4886,8.1,287.4,79,41,17,30,243,69.2,102.9
231,Patrick Mahomes,KC,2021,QB,17,436,658,66.3,4839,7.4,284.6,75,37,13,28,146,67.7,98.5
232,Derek Carr,LV,2021,QB,17,428,626,68.4,4804,7.7,282.6,61,23,14,40,241,58.4,94.0
233,Joe Burrow,CIN,2021,QB,16,366,520,70.4,4611,8.9,288.2,82,34,14,51,370,60.2,108.3
234,Dak Prescott,DAL,2021,QB,16,410,596,68.8,4449,7.5,278.1,51,37,10,30,144,60.5,104.2
235,Josh Allen,BUF,2021,QB,17,409,646,63.3,4407,6.8,259.2,61,36,15,26,164,66.3,92.2
236,Kirk Cousins,MIN,2021,QB,16,372,561,66.3,4221,7.5,263.8,64,33,7,28,197,58.3,103.1
237,Aaron Rodgers,GB,2021,QB,16,366,531,68.9,4115,7.8,257.2,75,37,4,30,188,74.1,111.9
238,Matt Ryan,ATL,2021,QB,17,375,560,67.0,3968,7.1,233.4,64,20,12,40,274,52.2,90.4
239,Jimmy Garoppolo,SF,2021,QB,15,301,441,68.3,3810,8.6,254.0,83,20,12,29,201,59.2,98.7
240,Mac Jones,NE,2021,QB,17,352,521,67.6,3801,7.3,223.6,75,22,13,28,241,56.9,92.5
241,Kyler Murray,ARI,2021,QB,14,333,481,69.2,3787,7.9,270.5,77,24,10,31,286,63.2,100.6
242,Ben Roethlisberger,PIT,2021,QB,16,390,605,64.5,3740,6.2,233.8,59,22,10,38,239,41.3,86.8
243,Ryan Tannehill,TEN,2021,QB,17,357,531,67.2,3734,7.0,219.6,57,21,14,47,327,61.8,89.6
244,Trevor Lawrence,JAX,2021,QB,17,359,602,59.6,3641,6.0,214.2,58,12,17,32,238,39.1,71.9
245,Carson Wentz,IND,2021,QB,17,322,516,62.4,3563,6.9,209.6,76,27,7,32,227,60.6,94.6
246,Taylor Heinicke,WSH,2021,QB,16,321,494,65.0,3419,6.9,213.7,73,20,15,38,278,45.8,85.9
247,Jared Goff,DET,2021,QB,14,332,494,67.2,3245,6.6,231.8,63,19,8,35,280,45.5,91.5
248,Jalen Hurts,PHI,2021,QB,15,265,432,61.3,3144,7.3,209.6,91,16,9,26,150,54.6,87.2
249,Russell Wilson,SEA,2021,QB,14,259,400,64.8,3113,7.8,222.4,69,25,6,33,266,60.6,103.1
250,Lamar Jackson,BAL,2021,QB,12,246,382,64.4,2882,7.5,240.2,49,16,13,38,190,56.8,87.0
251,Davis Mills,HOU,2021,QB,13,263,394,66.8,2664,6.8,204.9,67,16,10,31,206,41.2,88.8
252,Tua Tagovailoa,MIA,2021,QB,13,263,388,67.8,2653,6.8,204.1,65,16,10,20,152,55.7,90.1
253,Sam Darnold,CAR,2021,QB,12,243,406,59.9,2527,6.2,210.6,63,9,13,35,204,38.8,71.9
254,Zach Wilson,NYJ,2021,QB,13,213,383,55.6,2334,6.1,179.5,54,9,11,44,370,33.4,69.7
255,Andy Dalton,CHI,2021,QB,8,149,236,63.1,1515,6.4,189.4,60,8,9,18,143,39.2,76.9
256,Jacoby Brissett,MIA,2021,QB,11,141,225,62.7,1283,5.7,116.6,52,5,4,19,132,54.3,78.1
257,Trevor Siemian,NO,2021,QB,6,108,188,57.4,1154,6.1,192.3,46,11,3,9,64,41.3,88.4
258,Tyler Huntley,BAL,2021,QB,7,122,188,64.9,1081,5.8,154.4,43,3,4,18,107,55.0,76.6
259,Taysom Hill,NO,2021,QB,12,78,134,58.2,978,7.3,81.5,70,4,5,9,64,48.5,75.4
260,Tyrod Taylor,HOU,2021,QB,6,91,150,60.7,966,6.4,161.0,52,5,5,13,119,46.4,76.7
261,Mike White,NYJ,2021,QB,4,88,132,66.7,953,7.2,238.3,28,5,8,4,18,56.5,75.1
262,Mike Glennon,NYG,2021,QB,6,90,167,53.9,790,4.7,131.7,60,4,10,9,68,14.7,49.7
263,Drew Lock,DEN,2021,QB,6,67,111,60.4,787,7.1,131.2,44,2,2,9,52,28.1,80.4
264,Colt McCoy,ARI,2021,QB,8,74,99,74.7,740,7.5,92.5,50,3,1,6,40,60.4,101.4
265,Geno Smith,SEA,2021,QB,4,65,95,68.4,702,7.4,175.5,84,5,1,13,117,51.8,103.0
266,Cam Newton,CAR,2021,QB,8,69,126,54.8,684,5.4,85.5,64,4,5,10,83,30.4,64.4
267,Josh JohnsonBAL,BAL / NYJ,2021,QB,4,57,85,67.1,638,7.5,159.5,28,5,2,3,23,57.7,99.0
268,Trey Lance,SF,2021,QB,6,41,71,57.7,603,8.5,100.5,76,5,2,4,15,39.0,97.3
269,Tim Boyle,DET,2021,QB,5,61,94,64.9,526,5.6,105.2,42,3,6,0,0,31.4,63.5
270,Case Keenum,CLE,2021,QB,7,47,72,65.3,462,6.4,66.0,34,3,1,5,29,42.7,91.3
271,Gardner Minshew,PHI,2021,QB,4,41,60,68.3,439,7.3,109.8,36,4,1,5,31,66.2,104.8
272,Cooper Rush,DAL,2021,QB,5,30,47,63.8,422,9.0,84.4,73,3,1,3,19,47.8,105.1
273,Jordan Love,GB,2021,QB,6,36,62,58.1,411,6.6,68.5,62,2,3,3,23,36.8,68.7
274,PJ Walker,CAR,2021,QB,5,36,66,54.5,362,5.5,72.4,24,1,3,7,47,23.4,56.5
275,Joe Flacco,NYJ,2021,QB,2,27,42,64.3,338,8.0,169.0,62,3,0,2,13,49.5,113.0
276,Mason Rudolph,PIT,2021,QB,2,35,58,60.3,277,4.8,138.5,36,1,1,0,0,45.4,70.8
277,Nick Foles,CHI,2021,QB,1,24,35,68.6,250,7.1,250.0,30,1,0,4,21,51.6,98.5
278,Brian Hoyer,NE,2021,QB,5,9,11,81.8,227,20.6,45.4,48,1,0,0,0,97.9,149.1
279,Jake Fromm,NYG,2021,QB,3,27,60,45.0,210,3.5,70.0,36,1,3,6,33,18.8,38.9
280,Garrett Gilbert,WSH,2021,QB,1,20,31,64.5,194,6.3,194.0,46,0,0,2,20,45.6,81.9
281,Sean Mannion,MIN,2021,QB,1,22,36,61.1,189,5.3,189.0,30,1,0,2,15,39.1,84.1
282,Brandon Allen,CIN,2021,QB,6,17,34,50.0,149,4.4,24.8,26,2,0,4,33,10.4,81.6
283,Nick Mullens,CLE,2021,QB,1,20,30,66.7,147,4.9,147.0,25,1,0,0,0,81.5,89.2
284,Ian Book,NO,2021,QB,1,12,20,60.0,135,6.8,135.0,56,0,2,8,54,2.8,40.6
285,Kyle Allen,WSH,2021,QB,2,12,19,63.2,120,6.3,60.0,19,1,0,2,5,29.3,98.6
286,Cedrick Wilson Jr.,DAL,2021,WR,16,3,3,100.0,88,29.3,5.5,35,0,0,0,0,99.9,118.8
287,Chad Henne,KC,2021,QB,4,11,16,68.8,82,5.1,20.5,17,0,0,0,0,74.1,80.7
288,Tom Kennedy,DET,2021,WR,12,1,1,100.0,75,75.0,6.3,75,1,0,0,0,100.0,158.3
289,Blaine Gabbert,TB,2021,QB,6,7,11,63.6,67,6.1,11.2,23,0,0,1,10,36.6,80.5
290,Tyler Boyd,CIN,2021,WR,16,1,1,100.0,46,46.0,2.9,46,0,0,0,0,99.0,118.8
291,Jakobi Meyers,NE,2021,WR,17,2,2,100.0,45,22.5,2.6,30,0,0,0,0,78.1,118.8
292,Mitchell Trubisky,BUF,2021,QB,6,6,8,75.0,43,5.4,7.2,15,0,1,0,0,77.7,47.4
293,Jack Fox,DET,2021,P,17,2,3,66.7,38,12.7,2.2,21,0,0,0,0,,109.7
294,Justin Jefferson,MIN,2021,WR,17,2,4,50.0,35,8.8,2.1,24,0,0,0,0,48.7,80.2
295,Christian Kirk,ARI,2021,WR,17,1,1,100.0,33,33.0,1.9,33,0,0,0,0,100.0,118.8
296,Kendrick Bourne,NE,2021,WR,17,1,1,100.0,25,25.0,1.5,25,1,0,0,0,100.0,158.3
297,Jacob Eason,IND,2021,QB,1,2,5,40.0,25,5.0,25.0,15,0,1,0,0,0.1,16.7
298,Deebo Samuel Sr.,SF,2021,WR,16,1,2,50.0,24,12.0,1.5,24,1,0,0,0,99.0,133.3
299,Chris Banjo,ARI,2021,S,16,1,1,100.0,23,23.0,1.4,23,0,0,0,0,,118.8
300,Josh Rosen,ATL,2021,QB,4,2,11,18.2,19,1.7,4.8,14,0,2,0,0,0.2,0.0
301,Kadarius Toney,NYG,2021,WR,10,1,3,33.3,19,6.3,1.9,19,0,0,1,6,2.3,56.3
302,Courtland Sutton,DEN,2021,WR,17,1,1,100.0,16,16.0,0.9,16,0,0,0,0,100.0,118.8
303,Tommy Townsend,KC,2021,P,16,1,1,100.0,16,16.0,1.0,16,0,0,0,0,,118.8
304,Matthias Farley,TEN,2021,S,17,1,1,100.0,6,6.0,0.4,6,0,0,0,0,,91.7
305,Derrick Henry,TEN,2021,RB,8,1,1,100.0,5,5.0,0.6,5,1,0,0,0,80.6,127.1
306,John Wolford,LAR,2021,QB,3,1,4,25.0,5,1.3,1.7,5,0,1,1,8,0.1,0.0
307,Kellen Mond,MIN,2021,QB,1,2,3,66.7,5,1.7,5.0,6,0,0,0,0,18.2,70.1
308,Marcus Mariota,LV,2021,QB,10,1,2,50.0,4,2.0,0.4,4,0,0,0,0,46.2,56.3
309,Ezekiel Elliott,DAL,2021,RB,17,1,1,100.0,4,4.0,0.2,4,0,0,0,0,12.2,83.3
310,Johnny Hekker,LAR,2021,P,17,1,1,100.0,2,2.0,0.1,2,0,0,0,0,,79.2
311,Greg Ward,PHI,2021,WR,17,1,2,50.0,2,1.0,0.1,2,0,0,0,0,0.0,56.3
312,Kendall Hinton,DEN,2021,WR,16,1,1,100.0,1,1.0,0.1,1,0,0,0,0,100.0,79.2
313,Sam Koch,BAL,2021,P,17,0,1,0.0,0,0.0,0.0,0,0,0,0,0,,39.6
314,Danny Amendola,HOU,2021,WR,8,0,1,0.0,0,0.0,0.0,0,0,0,0,0,4.1,39.6
315,Cole Beasley,BUF,2021,WR,16,0,1,0.0,0,0.0,0.0,0,0,0,0,0,2.9,39.6
316,Cordarrelle Patterson,ATL,2021,RB,16,0,1,0.0,0,0.0,0.0,0,0,0,0,0,3.7,39.6
317,Keenan Allen,LAC,2021,WR,16,0,1,0.0,0,0.0,0.0,0,0,0,0,0,57.3,39.6
318,Rex Burkhead,HOU,2021,RB,16,0,1,0.0,0,0.0,0.0,0,0,0,0,0,3.0,39.6
319,Jarvis Landry,CLE,2021,WR,12,0,0,0.0,0,0.0,0.0,0,0,0,1,1,98.1,39.6
320,Albert Wilson,MIA,2021,WR,14,0,1,0.0,0,0.0,0.0,0,0,0,1,1,0.1,39.6
321,Chris Boswell,PIT,2021,PK,17,0,1,0.0,0,0.0,0.0,0,0,0,0,0,,39.6
322,Jamison Crowder,NYJ,2021,WR,12,0,0,0.0,0,0.0,0.0,0,0,0,1,3,87.5,39.6
323,Riley Dixon,NYG,2021,P,17,0,1,0.0,0,0.0,0.0,0,0,0,0,0,,39.6
324,Ty Long,LAC,2021,P,17,0,1,0.0,0,0.0,0.0,0,0,0,0,0,,39.6
325,Stefon Diggs,BUF,2021,WR,17,0,0,0.0,0,0.0,0.0,0,0,0,1,2,0.4,39.6
326,Cooper Kupp,LAR,2021,WR,17,0,1,0.0,0,0.0,0.0,0,0,0,0,0,12.9,39.6
327,Keelan Cole Sr.,NYJ,2021,WR,15,0,1,0.0,0,0.0,0.0,0,0,0,0,0,4.4,39.6
328,Mike Gesicki,MIA,2021,TE,17,0,1,0.0,0,0.0,0.0,0,0,0,0,0,5.3,39.6
329,David Blough,DET,2021,QB,1,0,0,0.0,0,0.0,0.0,0,0,0,1,6,0.1,39.6
330,Brett Rypien,DEN,2021,QB,1,0,2,0.0,0,0.0,0.0,0,0,0,0,0,1.4,39.6
331,Feleipe Franks,ATL,2021,TE,9,0,1,0.0,0,0.0,0.0,0,0,1,0,0,1.0,0.0
332,David Montgomery,CHI,2021,RB,13,0,1,0.0,0,0.0,0.0,0,0,1,0,0,25.6,0.0
333,Blake Gillikin,NO,2021,P,17,0,1,0.0,0,0.0,0.0,0,0,0,0,0,,39.6
334,A.J. Brown,TEN,2021,WR,13,0,2,0.0,0,0.0,0.0,0,0,0,0,0,3.0,39.6
335,D'Andre Swift,DET,2021,RB,13,0,1,0.0,0,0.0,0.0,0,0,0,0,0,0.6,39.6
336,Brandon Zylstra,CAR,2021,WR,14,0,1,0.0,0,0.0,0.0,0,0,0,0,0,0.5,39.6
